text,label
"BREAKING: Scientists discover aliens living among us, government tries to cover up!",1
"You won't believe this miracle cure that doctors don't want you to know about!",1
"SHOCKING: Celebrity caught in massive scandal, career over!",1
"This one weird trick will make you rich overnight, banks hate it!",1
"URGENT: New study proves vaccines cause autism, mainstream media silent!",1
"Local man discovers secret to eternal youth, pharmaceutical companies furious!",1
"EXPOSED: Government mind control through 5G towers, wake up people!",1
"Celebrity endorses this amazing weight loss pill, lose 50 pounds in a week!",1
"BREAKING: Evidence of voter fraud discovered, election was rigged!",1
"This natural remedy cures cancer, but Big Pharma keeps it secret!",1
"AMAZING: Woman loses 100 pounds with this simple kitchen ingredient!",1
"CONSPIRACY: Moon landing was fake, NASA admits it!",1
"MIRACLE: Blind man sees again after taking this herbal supplement!",1
"SCANDAL: Politicians caught stealing millions from taxpayers!",1
"SHOCKING TRUTH: Tap water contains mind control chemicals!",1
"EXPOSED: Your smartphone is spying on your thoughts!",1
"INCREDIBLE: Time traveler from 2050 warns about future disasters!",1
"VIRAL: This diet pill melts fat while you sleep, doctors amazed!",1
"BREAKING: Secret society controls world governments, leaked documents reveal!",1
"UNBELIEVABLE: Man survives 30 days without food using this ancient method!",1
"The Federal Reserve announced a 0.25% interest rate increase following today's meeting.",0
"New archaeological findings in Egypt reveal insights into ancient Egyptian daily life.",0
"Climate scientists report record-breaking temperatures recorded across multiple regions this summer.",0
"The stock market closed mixed today with technology sectors showing modest gains.",0
"Local university receives grant funding for renewable energy research project.",0
"City council approves new infrastructure improvements for downtown area.",0
"Healthcare officials recommend updated vaccination schedules for the upcoming season.",0
"International trade negotiations continue between major economic partners.",0
"Space agency successfully launches satellite for weather monitoring purposes.",0
"Educational reforms aim to improve student outcomes in underperforming districts.",0
"Supreme Court hears arguments on constitutional law case this week.",0
"Tech company announces quarterly earnings beat analyst expectations.",0
"Environmental protection agency implements new air quality standards.",0
"Transportation department begins construction on highway expansion project.",0
"Medical researchers publish findings on new treatment protocol in peer-reviewed journal.",0
"Agriculture department reports crop yield statistics for current growing season.",0
"Labor statistics show unemployment rate decreased by 0.2% in latest report.",0
"Energy company invests in renewable power generation facilities.",0
"Public health officials monitor seasonal flu trends across the region.",0
"Economic indicators suggest moderate growth in manufacturing sector.",0
"Scientists publish research on climate change effects in Nature journal.",0
"University study examines effectiveness of online learning platforms.",0
"Government agencies coordinate response to natural disaster relief efforts.",0
"Technology sector reports increased investment in artificial intelligence research.",0
"Medical professionals attend conference on latest treatment methodologies.",0
"Environmental groups support legislation for protected wildlife habitats.",0
"Financial analysts review market performance following economic policy changes.",0
"Research institutions collaborate on international scientific studies.",0
"Public transportation system expands service to underserved communities.",0
"Healthcare providers implement new patient safety protocols.",0